país,ciudad,cantón
Costa Rica, San José, Montes De Oca
Costa Rica, Atenas, Atenas
Costa Rica, Heredia, Belén
país,ciudad,cantón
Costa Rica, San José, Montes De Oca
Costa Rica, Atenas, Atenas
Costa Rica, Heredia, Belén
país,ciudad,cantón
Costa Rica, San José, Montes De Oca
Costa Rica, Atenas, Atenas
Costa Rica, Heredia, Belén
país,ciudad,cantón
Costa Rica, San José, Montes De Oca
Costa Rica, Atenas, Atenas
Costa Rica, Heredia, Belén
país,ciudad,cantón
Costa Rica, San José, Montes De Oca
Costa Rica, Atenas, Atenas
Costa Rica, Heredia, Belén
país,ciudad,cantón
Costa Rica, San José, Montes De Oca
Costa Rica, Atenas, Atenas
Costa Rica, Heredia, Belén
país,ciudad,cantón
Costa Rica, San José, Montes De Oca
Costa Rica, Atenas, Atenas
Costa Rica, Heredia, Belén
país,ciudad,cantón
Costa Rica, San José, Montes De Oca
Costa Rica, Atenas, Atenas
Costa Rica, Heredia, Belén
país,ciudad,cantón
Costa Rica, San José, Montes De Oca
Costa Rica, Atenas, Atenas
Costa Rica, Heredia, Belén
país,ciudad,cantón
Costa Rica, San José, Montes De Oca
Costa Rica, Atenas, Atenas
Costa Rica, Heredia, Belén
país,ciudad,cantón
Costa Rica, San José, Montes De Oca
Costa Rica, Atenas, Atenas
Costa Rica, Heredia, Belén
país,ciudad,cantón
Costa Rica, San José, Montes De Oca
Costa Rica, Atenas, Atenas
Costa Rica, Heredia, Belénpaís,ciudad,cantón
Costa Rica, San José, Montes De Oca
Costa Rica, Atenas, Atenas
Costa Rica, Heredia, Belén
